t_f,cal_J,mu,p,dt,t_ev,a_param,beta,used_chi_continuation,used_disc_continuation,used_twisted_continuation,N_contour,file,chi_converged,chi_residual_norm,disc_converged,disc_residual_norm,twisted_converged,twisted_residual_norm
0.5,0.5,0.5,16,0.5,6.0,1.0,5.735546586881491,False,False,False,8,eta_two_replica_mu_0p50_p_16_dt_0p50_tev_6p00_tf_0p50.pt,True,1.53926519929517e-11,True,1.1786162530809455e-09,True,1.1786162530809455e-09
1.0,0.5,0.5,16,0.5,6.0,1.0,5.735546586881491,True,True,True,10,eta_two_replica_mu_0p50_p_16_dt_0p50_tev_6p00_tf_1p00.pt,True,3.1858075942926365e-10,True,2.827583431531071e-10,True,2.827583431531071e-10
1.5,0.5,0.5,16,0.5,6.0,1.0,5.735546586881491,True,True,True,12,eta_two_replica_mu_0p50_p_16_dt_0p50_tev_6p00_tf_1p50.pt,True,3.606705108731655e-10,True,4.165925614855964e-10,True,4.165925614855964e-10
2.0,0.5,0.5,16,0.5,6.0,1.0,5.735546586881491,True,True,True,14,eta_two_replica_mu_0p50_p_16_dt_0p50_tev_6p00_tf_2p00.pt,True,5.669242795710663e-10,True,7.277031955109758e-10,True,7.277031955109758e-10
2.5,0.5,0.5,16,0.5,6.0,1.0,5.735546586881491,True,True,True,16,eta_two_replica_mu_0p50_p_16_dt_0p50_tev_6p00_tf_2p50.pt,True,2.782189296660566e-10,True,6.980159348410471e-10,True,6.980159348410471e-10
3.0,0.5,0.5,16,0.5,6.0,1.0,5.735546586881491,True,True,True,18,eta_two_replica_mu_0p50_p_16_dt_0p50_tev_6p00_tf_3p00.pt,True,3.5546121674719784e-10,True,5.58976969708e-10,True,5.58976969708e-10
3.5,0.5,0.5,16,0.5,6.0,1.0,5.735546586881491,True,True,True,20,eta_two_replica_mu_0p50_p_16_dt_0p50_tev_6p00_tf_3p50.pt,True,5.894848170785327e-10,True,6.709084846598138e-10,True,6.709084846598138e-10
4.0,0.5,0.5,16,0.5,6.0,1.0,5.735546586881491,True,True,True,22,eta_two_replica_mu_0p50_p_16_dt_0p50_tev_6p00_tf_4p00.pt,True,5.89368743232123e-10,True,7.575679327653355e-10,True,7.575679327653355e-10
4.5,0.5,0.5,16,0.5,6.0,1.0,5.735546586881491,True,True,True,24,eta_two_replica_mu_0p50_p_16_dt_0p50_tev_6p00_tf_4p50.pt,True,3.3815849451734504e-10,True,1.1484107716841299e-09,True,1.1484107716841299e-09
5.0,0.5,0.5,16,0.5,6.0,1.0,5.735546586881491,True,True,True,26,eta_two_replica_mu_0p50_p_16_dt_0p50_tev_6p00_tf_5p00.pt,True,3.9025665051164835e-10,True,7.233448504249784e-10,True,7.233448504249784e-10
5.5,0.5,0.5,16,0.5,6.0,1.0,5.735546586881491,True,True,True,28,eta_two_replica_mu_0p50_p_16_dt_0p50_tev_6p00_tf_5p50.pt,True,6.217549916016778e-10,True,1.099588946563613e-09,True,1.099588946563613e-09
6.0,0.5,0.5,16,0.5,6.0,1.0,5.735546586881491,True,True,True,30,eta_two_replica_mu_0p50_p_16_dt_0p50_tev_6p00_tf_6p00.pt,True,6.734623870353281e-10,True,8.78263551256635e-10,True,8.78263551256635e-10
6.5,0.5,0.5,16,0.5,6.0,1.0,5.735546586881491,True,True,True,32,eta_two_replica_mu_0p50_p_16_dt_0p50_tev_6p00_tf_6p50.pt,True,6.333879438892127e-10,True,4.4896521075182396e-10,True,3.2795744909725436e-11
7.0,0.5,0.5,16,0.5,6.0,1.0,5.735546586881491,True,True,True,34,eta_two_replica_mu_0p50_p_16_dt_0p50_tev_6p00_tf_7p00.pt,True,8.198381301668952e-10,True,3.860049699887199e-10,True,1.659781881918713e-09
7.5,0.5,0.5,16,0.5,6.0,1.0,5.735546586881491,True,True,True,36,eta_two_replica_mu_0p50_p_16_dt_0p50_tev_6p00_tf_7p50.pt,True,5.009454899654765e-10,True,2.6121638216974283e-10,True,3.997721483203787e-09
8.0,0.5,0.5,16,0.5,6.0,1.0,5.735546586881491,True,True,True,38,eta_two_replica_mu_0p50_p_16_dt_0p50_tev_6p00_tf_8p00.pt,True,5.975571670280504e-10,True,1.4037891777833772e-10,True,3.0203334649762464e-09
8.5,0.5,0.5,16,0.5,6.0,1.0,5.735546586881491,True,True,True,40,eta_two_replica_mu_0p50_p_16_dt_0p50_tev_6p00_tf_8p50.pt,True,7.646271889740733e-10,True,1.4939775442650002e-10,True,1.014235497406342e-09
9.0,0.5,0.5,16,0.5,6.0,1.0,5.735546586881491,True,True,True,42,eta_two_replica_mu_0p50_p_16_dt_0p50_tev_6p00_tf_9p00.pt,True,6.621876634649878e-10,True,1.4621207134463257e-10,True,2.249832454971089e-10
9.5,0.5,0.5,16,0.5,6.0,1.0,5.735546586881491,True,True,True,44,eta_two_replica_mu_0p50_p_16_dt_0p50_tev_6p00_tf_9p50.pt,True,4.887277555289464e-10,True,1.4229517024019948e-10,True,9.990803574153947e-11
10.0,0.5,0.5,16,0.5,6.0,1.0,5.735546586881491,True,True,True,46,eta_two_replica_mu_0p50_p_16_dt_0p50_tev_6p00_tf_10p00.pt,True,4.612941415479341e-10,True,1.2302159922958254e-10,True,7.158143248897268e-12
10.5,0.5,0.5,16,0.5,6.0,1.0,5.735546586881491,True,True,True,48,eta_two_replica_mu_0p50_p_16_dt_0p50_tev_6p00_tf_10p50.pt,True,5.633736695044082e-10,True,1.0388944951516027e-10,True,8.427505945412659e-13
11.0,0.5,0.5,16,0.5,6.0,1.0,5.735546586881491,True,True,True,50,eta_two_replica_mu_0p50_p_16_dt_0p50_tev_6p00_tf_11p00.pt,True,5.337910656168803e-10,True,1.351532430786918e-10,True,6.761053904861337e-11
11.5,0.5,0.5,16,0.5,6.0,1.0,5.735546586881491,True,True,True,52,eta_two_replica_mu_0p50_p_16_dt_0p50_tev_6p00_tf_11p50.pt,True,5.953079808230823e-10,True,1.6303518624321919e-10,True,2.741250894297684e-10
12.0,0.5,0.5,16,0.5,6.0,1.0,5.735546586881491,True,True,True,54,eta_two_replica_mu_0p50_p_16_dt_0p50_tev_6p00_tf_12p00.pt,True,1.8316575796274698e-12,True,1.9911001396705522e-10,True,2.076371953802585e-09
12.5,0.5,0.5,16,0.5,6.0,1.0,5.735546586881491,True,True,True,56,eta_two_replica_mu_0p50_p_16_dt_0p50_tev_6p00_tf_12p50.pt,True,3.893343540686736e-12,True,2.2847192964281731e-10,True,1.0598672459435552e-12
13.0,0.5,0.5,16,0.5,6.0,1.0,5.735546586881491,True,True,True,58,eta_two_replica_mu_0p50_p_16_dt_0p50_tev_6p00_tf_13p00.pt,True,5.968283172561487e-10,True,2.3582933088184227e-10,True,6.7795403105925e-13
13.5,0.5,0.5,16,0.5,6.0,1.0,5.735546586881491,True,True,True,60,eta_two_replica_mu_0p50_p_16_dt_0p50_tev_6p00_tf_13p50.pt,True,5.910595009758523e-11,True,2.26933983040113e-10,True,8.495332222205125e-10
14.0,0.5,0.5,16,0.5,6.0,1.0,5.735546586881491,True,True,True,62,eta_two_replica_mu_0p50_p_16_dt_0p50_tev_6p00_tf_14p00.pt,True,9.14244472198041e-11,True,2.03926158202909e-10,True,6.247181690600535e-12
14.5,0.5,0.5,16,0.5,6.0,1.0,5.735546586881491,True,True,True,64,eta_two_replica_mu_0p50_p_16_dt_0p50_tev_6p00_tf_14p50.pt,True,6.158326490110498e-12,True,3.8820602409548216e-10,True,3.2668696470301447e-09
15.0,0.5,0.5,16,0.5,6.0,1.0,5.735546586881491,True,True,True,66,eta_two_replica_mu_0p50_p_16_dt_0p50_tev_6p00_tf_15p00.pt,True,9.73269266237872e-10,True,1.3742044233868604e-10,True,1.2626741819668836e-12
15.5,0.5,0.5,16,0.5,6.0,1.0,5.735546586881491,True,True,True,68,eta_two_replica_mu_0p50_p_16_dt_0p50_tev_6p00_tf_15p50.pt,True,1.5907264336409263e-11,True,9.096252104003132e-11,True,4.950675999351577e-09
16.0,0.5,0.5,16,0.5,6.0,1.0,5.735546586881491,True,True,True,70,eta_two_replica_mu_0p50_p_16_dt_0p50_tev_6p00_tf_16p00.pt,True,1.3791499803785085e-10,True,8.988671884762475e-11,True,9.89964800099396e-10
16.5,0.5,0.5,16,0.5,6.0,1.0,5.735546586881491,True,True,True,72,eta_two_replica_mu_0p50_p_16_dt_0p50_tev_6p00_tf_16p50.pt,True,8.884080556831702e-11,True,9.095747752663329e-11,True,1.889635636600356e-10
17.0,0.5,0.5,16,0.5,6.0,1.0,5.735546586881491,True,True,True,74,eta_two_replica_mu_0p50_p_16_dt_0p50_tev_6p00_tf_17p00.pt,True,2.030326325527753e-10,True,1.03321567849654e-10,True,4.4053029140217443e-11
17.5,0.5,0.5,16,0.5,6.0,1.0,5.735546586881491,True,True,True,76,eta_two_replica_mu_0p50_p_16_dt_0p50_tev_6p00_tf_17p50.pt,True,4.730297981815236e-11,True,1.0845365668554581e-10,True,3.359622501521786e-11
18.0,0.5,0.5,16,0.5,6.0,1.0,5.735546586881491,True,True,True,78,eta_two_replica_mu_0p50_p_16_dt_0p50_tev_6p00_tf_18p00.pt,True,8.012126124970086e-10,True,1.518129226484345e-10,True,6.30752478730942e-12
18.5,0.5,0.5,16,0.5,6.0,1.0,5.735546586881491,True,True,True,80,eta_two_replica_mu_0p50_p_16_dt_0p50_tev_6p00_tf_18p50.pt,True,4.697061240277823e-11,True,1.9245143483955152e-10,True,4.924107437834511e-09
19.0,0.5,0.5,16,0.5,6.0,1.0,5.735546586881491,True,True,True,82,eta_two_replica_mu_0p50_p_16_dt_0p50_tev_6p00_tf_19p00.pt,True,2.0196158499795885e-10,True,2.09093663835768e-10,True,4.2579170324589035e-11
19.5,0.5,0.5,16,0.5,6.0,1.0,5.735546586881491,True,True,True,84,eta_two_replica_mu_0p50_p_16_dt_0p50_tev_6p00_tf_19p50.pt,True,3.3705137723216287e-10,True,1.968819394594266e-10,True,2.1233180880232874e-10
20.0,0.5,0.5,16,0.5,6.0,1.0,5.735546586881491,True,True,True,86,eta_two_replica_mu_0p50_p_16_dt_0p50_tev_6p00_tf_20p00.pt,True,3.1934579888272797e-10,True,1.6073340622395529e-10,True,3.3823279350003195e-09
20.5,0.5,0.5,16,0.5,6.0,1.0,5.735546586881491,True,True,True,88,eta_two_replica_mu_0p50_p_16_dt_0p50_tev_6p00_tf_20p50.pt,True,5.963163275739374e-10,True,1.2242240830531218e-10,True,4.7382463388778444e-12
21.0,0.5,0.5,16,0.5,6.0,1.0,5.735546586881491,True,True,True,90,eta_two_replica_mu_0p50_p_16_dt_0p50_tev_6p00_tf_21p00.pt,True,2.1183928386926957e-10,True,9.480344777326082e-11,True,5.710277254505536e-12
21.5,0.5,0.5,16,0.5,6.0,1.0,5.735546586881491,True,True,True,92,eta_two_replica_mu_0p50_p_16_dt_0p50_tev_6p00_tf_21p50.pt,True,1.2067085245334505e-10,True,8.724740864367112e-11,True,1.8275008201710492e-09
22.0,0.5,0.5,16,0.5,6.0,1.0,5.735546586881491,True,True,True,94,eta_two_replica_mu_0p50_p_16_dt_0p50_tev_6p00_tf_22p00.pt,True,6.969011496214706e-10,True,1.0161729166456563e-10,True,1.7096020043669158e-10
22.5,0.5,0.5,16,0.5,6.0,1.0,5.735546586881491,True,True,True,96,eta_two_replica_mu_0p50_p_16_dt_0p50_tev_6p00_tf_22p50.pt,True,9.825179261652388e-10,True,1.4492834657899476e-10,True,2.338092917315594e-12
23.0,0.5,0.5,16,0.5,6.0,1.0,5.735546586881491,True,True,True,98,eta_two_replica_mu_0p50_p_16_dt_0p50_tev_6p00_tf_23p00.pt,True,5.988827564928048e-10,True,2.1116003310588836e-10,True,3.9816933466464875e-12
23.5,0.5,0.5,16,0.5,6.0,1.0,5.735546586881491,True,True,True,100,eta_two_replica_mu_0p50_p_16_dt_0p50_tev_6p00_tf_23p50.pt,True,6.425433753806867e-11,True,1.173050718478605e-10,True,9.422125159856245e-09
24.0,0.5,0.5,16,0.5,6.0,1.0,5.735546586881491,True,True,True,102,eta_two_replica_mu_0p50_p_16_dt_0p50_tev_6p00_tf_24p00.pt,True,1.4036510194242756e-10,True,1.1452766000081747e-10,True,9.719863735819851e-10
24.5,0.5,0.5,16,0.5,6.0,1.0,5.735546586881491,True,True,True,104,eta_two_replica_mu_0p50_p_16_dt_0p50_tev_6p00_tf_24p50.pt,True,4.757784770631329e-10,True,9.879968463781882e-11,True,3.820046091518168e-11
25.0,0.5,0.5,16,0.5,6.0,1.0,5.735546586881491,True,True,True,106,eta_two_replica_mu_0p50_p_16_dt_0p50_tev_6p00_tf_25p00.pt,True,2.1579448450578322e-10,True,1.6925582121399189e-10,True,2.840941524392799e-11
